[
  {
    "Author": "Kid Icarus",
    "Name": "Character Select+",
    "Description": "Character Select+ allows you to create, save, and instantly apply fully customized character profiles with the press of a button. Switch between your OCs effortlessly using /select CharacterName, applying Penumbra Collections, Glamourer Designs, Customize+ Profiles, and Honorific Titles in one command.\n\nWhile profile switching is its core purpose, Character Select+ includes additional features:\n✔ Advanced Mode – Create custom macro setups for deeper character customization.\n✔ Profile-Specific Designs – Use multiple outfits, styles, and looks per character.\n✔ Favorites & Sorting – Keep profiles organized by name, date, or importance.\n✔ Quick Swap Bar! \n✔ One-Click Macro Execution – Run predefined commands instantly when selecting a character.\n\nWhether you're roleplaying, gposing, or just love quick customization, Character Select+ makes switching between characters faster, easier, and seamless.\n",
    "Tags": [
      "Character",
      "Select"
    ],
    "InternalName": "CharacterSelectPlugin",
    "AssemblyVersion": "1.1.1.1",
    "TestingAssemblyVersion": "1.1.1.1",
    "RepoUrl": "https://github.com/IcarusXIV/Character-Select-",
    "ApplicableVersion": "any",
    "DalamudApiLevel": 12,
    "IsHide": "False",
    "IsTestingExclusive": "False",
    "DownloadLinkInstall": "https://github.com/IcarusXIV/Character-Select-/releases/download/1.1.1.1/CharacterSelectPlugin.zip",
    "DownloadLinkTesting": "https://github.com/IcarusXIV/Character-Select-/releases/download/1.1.1.1/CharacterSelectPlugin.zip",
    "DownloadLinkUpdate": "https://github.com/IcarusXIV/Character-Select-/releases/download/1.1.1.1/CharacterSelectPlugin.zip",
    "IconUrl": "https://raw.githubusercontent.com/IcarusXIV/Character-Select-/master/CharacterSelectPlugin/Assets/Icon.png"
  }
]
